{"colsample_bytree": 0.6864479105478841, "gamma": 1.2893903697331965, "max_depth": 15.0, "min_child_weight": 4.0, "reg_alpha": 40.0, "reg_lambda": 0.4979384150648106, "n_estimators": 180, "seed": 42, "max_delta_step": 1}